Application_ID,Current City,Python (out of 3),R Programming (out of 3),Deep Learning (out of 3),PHP (out of 3),MySQL (out of 3),HTML (out of 3),CSS (out of 3),JavaScript (out of 3),,AJAX (out of 3),Bootstrap (out of 3),MongoDB (out of 3),Node.js (out of 3),ReactJS (out of 3),Degree,Stream,Current Year Of Graduation,Performance_PG,Performance_UG,Performance_12,Performance_10
ML0001,Bangalore,0,2,0,2,0,2,3,2,,0,2,0,0,0,Bachelor of Science (B.Sc),Mathematics,2017,N/A,N/A,N/A,N/A
ML0002,Bangalore,2,0,0,2,2,2,2,2,,0,0,0,0,0,Bachelor of Technology (B.Tech),Computer Science & Engineering,2019,N/A,85.50/100,92.20/92.20,96.60/96.60
ML0003,Bangalore,3,0,1,2,2,2,0,2,,0,0,0,0,0,Master of Science (M.Sc),Computer  Science,2018,7.91/10,70.00/100,64.83/64.83,77.60/77.60
ML0004,Bangalore,2,0,2,1,0,2,0,0,,0,0,0,0,0,Bachelor of Engineering (B.E),Electronics and Communication,2019,N/A,6.86/10,76.00/76.00,84.32/84.32
ML0005,Bangalore,2,0,0,2,0,2,1,1,,0,0,2,2,2,Bachelor of Technology (B.Tech),Production Engineering,2018,N/A,6.38/10,65.20/65.20,68.80/68.80
ML0006,Bangalore,2,0,0,1,0,3,2,1,,0,0,0,0,0,,Data Science Engineering,2019,N/A,70.00/100,N/A,N/A
ML0007,Bangalore,1,0,0,0,0,0,0,0,,0,0,0,0,0,,Artificial Intelligence,2020,N/A,80.00/100,85.00/85.00,80.00/80.00
ML0008,Mumbai,3,1,0,0,0,2,0,0,,0,0,0,0,0,PG Diploma in Data Science,,2019,3.61/4,2.68/4,N/A,N/A
ML0009,Bangalore,3,0,0,0,0,2,2,0,,0,0,0,0,0,Post Graduate Programme (PGP),Data Science,2020,8.00/10,7.00/10,70.00/70.00,93.00/93.00
ML0010,Bangalore,2,0,2,0,0,2,2,2,,0,0,0,0,2,Post Graduate Programme (PGP),Artificial Intelligence And Machine Learning,2020,71.00/100,60.00/100,71.00/71.00,N/A
ML0011,Bangalore,2,0,0,0,0,0,0,0,,0,0,0,0,0,Bachelor of Technology (B.Tech),Electronics and Communication,2018,N/A,64.00/100,95.00/95.00,N/A
ML0012,Jaipur,3,0,2,1,0,2,0,0,,0,0,0,0,0,Bachelor of Technology (B.Tech),Electronics and Communication,2021,N/A,7.60/10,89.60/89.60,N/A
ML0013,Hyderabad,2,2,1,1,0,2,2,1,,0,0,0,0,0,,Advanced Pg Diploma In Artificial Intelligence,2020,N/A,83.00/100,88.10/88.10,8.80/8.80
ML0014,Bangalore,2,2,0,2,1,0,0,0,,0,0,0,0,0,Bachelor of Engineering (B.E),Computer  Science,2019,N/A,6.53/10,69.50/69.50,72.60/72.60
ML0015,Bangalore,2,0,0,0,0,0,0,0,,0,0,0,0,0,Bachelor of Engineering (B.E),Computer Science & Engineering,2016,N/A,8.40/10,9.20/9.20,9.50/9.50
ML0016,Bangalore,2,0,0,0,2,2,2,1,,1,1,0,0,0,Post Graduate Programme (PGP),Data Science And Engineering,2020,N/A,8.00/10,N/A,N/A
ML0017,Kozhikode,2,0,0,2,0,2,2,0,,0,0,0,0,0,Master of Science (M.Sc),Mathematics,2019,79.00/100,81.25/100,N/A,N/A
ML0018,Chennai,1,0,0,0,0,2,2,1,,0,0,0,0,0,Bachelor of Engineering (B.E),Electronics and Communication,2019,N/A,6.60/10,84.50/84.50,97.20/97.20
ML0019,Bangalore,0,0,0,0,0,2,1,0,,0,0,0,0,0,Bachelor of Technology (B.Tech),Computer Science & Engineering,2015,N/A,6.80/10,N/A,N/A
ML0020,Chennai,2,0,0,2,2,2,2,2,,0,0,0,0,1,Post Graduate Diploma,Data Science,2019,5.60/10,65.00/100,N/A,89.00/89.00
ML0021,Thrissur,1,0,0,2,2,3,3,2,,0,2,2,2,0,Master of Computer Applications (MCA),Computer Application,2017,N/A,N/A,N/A,N/A
ML0022,Bangalore,1,1,0,0,0,0,0,0,,0,0,0,0,0,Master of Science (M.Sc),Statistics,2019,3.76/4,3.56/4,80.50/80.50,85.85/85.85
ML0023,Delhi,2,0,0,0,0,2,2,0,,0,0,0,0,0,Bachelor of Technology (B.Tech),Computer Science & Engineering,2022,N/A,7.03/10,95.60/95.60,10.00/10.00
ML0024,Bangalore,2,0,2,0,0,0,0,0,,0,0,0,0,0,Bachelor of Technology (B.Tech),Electronics and Instrumentation,2018,N/A,N/A,N/A,N/A
ML0025,Lucknow,2,0,0,0,2,0,2,2,,0,0,0,0,0,Master of Computer Applications (MCA),,2020,9.00/10,6.00/10,N/A,N/A
ML0026,Hyderabad,2,0,0,0,0,2,0,0,,0,0,0,0,0,Master of Computer Applications (MCA),Computer Application,2018,8.35/10,75.00/100,84.30/84.30,76.00/76.00
ML0027,Bangalore,2,0,0,0,0,2,2,1,,0,0,0,0,0,Bachelor of Engineering (B.E),Electronics and Communication,2016,N/A,6.80/10,N/A,N/A
ML0028,Bangalore,2,0,2,0,0,0,0,0,,0,0,0,0,0,Master of Technology (M.Tech),Digital Communication & Networking,2012,76.70/100,68.00/100,72.00/72.00,N/A
ML0029,Bangalore,2,1,0,2,0,2,1,2,,0,0,0,0,0,Bachelor of Technology (B.Tech),Computer Science & Engineering,2016,N/A,53.00/100,N/A,N/A
ML0030,Chennai,2,2,2,2,0,2,2,0,,0,0,0,0,0,Bachelor of Technology (B.Tech),Electrical and Electronics Engineering,2019,N/A,60.04/100,N/A,N/A
ML0031,Bangalore,2,2,0,0,0,2,2,0,,0,0,0,0,0,Executive MBA,Business Analytics,2020,8.00/10,70.00/100,80.00/80.00,81.00/81.00
ML0032,Bangalore,2,0,0,1,0,1,1,1,,0,0,0,0,0,Bachelor of Engineering (B.E),Mechanical Engineering,2016,N/A,66.81/100,77.16/77.16,71.52/71.52
ML0033,Hyderabad,1,0,0,0,0,1,1,1,,0,0,0,0,0,Bachelor of Technology (B.Tech),Electronics and Communication,2016,N/A,58.00/100,N/A,N/A
ML0034,Visakhapatnam,3,2,2,0,0,2,2,0,,0,2,0,0,0,Bachelor of Technology (B.Tech),Electrical and Electronics Engineering,2018,N/A,66.14/100,82.50/82.50,8.50/8.50
ML0035,Bangalore,3,3,3,0,2,2,2,1,,0,2,0,0,0,Bachelor of Technology (B.Tech),Electronics and Communication,2019,N/A,69.00/100,82.30/82.30,93.00/93.00
ML0036,Delhi,0,0,0,0,0,0,0,0,,0,0,0,0,0,Bachelor of Technology (B.Tech),Computer Science & Engineering,2019,N/A,8.40/10,N/A,8.40/8.40
ML0037,Bangalore,2,0,0,1,2,1,2,0,,0,2,0,0,0,Bachelor of Engineering (B.E),Electronics and Instrumentation,2019,N/A,8.11/10,93.00/93.00,87.68/87.68
ML0038,Bangalore,2,0,2,2,0,2,2,2,,0,0,0,0,0,Bachelor of Technology (B.Tech),Computer Science & Engineering,2017,N/A,4.17/10,72.83/72.83,N/A
ML0039,Bangalore,1,0,0,2,3,3,2,2,,0,2,0,2,0,Master of Science (M.Sc),Mathematics,2019,N/A,8.50/10,65.30/65.30,87.00/87.00
ML0040,Banglore,2,0,0,0,0,0,0,0,,0,0,0,0,0,Bachelor of Technology (B.Tech),Computer Science & Engineering,2020,N/A,70.00/100,82.60/82.60,9.20/9.20
ML0041,Hyderabad,1,1,1,0,0,0,0,0,,0,0,0,0,0,Bachelor of Engineering (B.E),Electrical and Electronics Engineering,2019,N/A,7.51/10,58.40/58.40,79.40/79.40
ML0042,Dehradun,1,0,0,3,0,3,2,3,,0,0,0,0,0,Bachelor of Technology (B.Tech),Computer  Science,2021,N/A,8.72/10,94.25/94.25,96.20/96.20
ML0043,Bangalore,1,2,0,0,0,2,0,2,,0,0,0,0,0,MBA,Business Analytics,2021,74.00/100,60.00/100,67.00/67.00,84.00/84.00
ML0044,Nagpur,2,2,0,0,0,0,0,0,,0,0,0,0,0,Bachelor of Engineering (B.E),Computer Technology,2019,N/A,7.69/10,57.40/57.40,66.20/66.20
ML0045,Dharwad,2,0,0,0,0,0,0,0,,0,0,0,0,0,Bachelor of Technology (B.Tech),Computer Science & Engineering,2022,N/A,9.50/10,98.00/98.00,10.00/10.00
ML0046,Bangalore,3,0,2,0,0,0,0,0,,0,0,0,0,0,B.Tech (Hons.),Computer Science & Engineering,2019,N/A,5.90/10,6.56/6.56,7.42/7.42
ML0047,Hyderabad,0,0,0,2,2,2,2,2,,0,2,0,0,0,Bachelor of Technology (B.Tech),Information Systems,2019,N/A,67.20/100,N/A,9.50/9.50
ML0048,Bhubaneswar,2,0,2,0,0,2,0,0,,0,0,0,0,0,Bachelor of Technology (B.Tech),Information Technology,2021,N/A,8.77/10,72.00/72.00,10.00/10.00
ML0049,Bangalore,2,0,0,2,0,2,2,1,,0,0,0,0,0,Bachelor of Engineering (B.E),Electronics and Communication,2013,N/A,62.00/100,N/A,N/A
ML0050,Durgapur,2,0,0,0,0,2,2,1,,0,0,0,0,0,B.Tech (Hons.),Computer  Science,2020,N/A,6.72/10,N/A,N/A
ML0051,Greater Noida,1,0,0,0,0,0,0,0,,0,0,0,0,0,Bachelor of Technology (B.Tech),CSE With Cloud Computing,2020,N/A,7.87/10,7.20/7.20,8.70/8.70
ML0052,Bangalore,2,0,0,2,0,2,2,3,,0,0,0,0,0,PG Diploma in Data Science,Data Science,2020,75.00/100,59.00/100,69.00/69.00,N/A
ML0053,Hyderabad,2,0,2,2,0,2,2,0,,0,0,0,0,0,,Data Analytics,2019,58.00/100,60.00/100,N/A,N/A
ML0054,Bangalore,1,0,0,0,0,2,0,0,,0,0,0,0,0,Bachelor of Technology (B.Tech),Electronics and Communication,2017,N/A,70.27/100,70.27/70.27,79.80/79.80
ML0055,Pune,2,2,0,2,0,2,2,0,,0,0,0,0,0,Master of Science (M.Sc),Science,2019,N/A,7.68/10,54.31/54.31,75.45/75.45
ML0056,Raebareli,2,2,2,0,0,0,0,0,,0,0,0,0,0,B.Tech (Hons.),Computer Science & Engineering,2020,N/A,N/A,86.60/86.60,81.50/81.50
ML0057,Meerut,0,0,0,0,0,2,0,0,,0,0,0,0,0,Bachelor of Technology (B.Tech),Computer Science & Engineering,2020,N/A,77.00/100,83.60/83.60,N/A
ML0058,Ernakulam,3,0,0,2,0,3,2,0,,0,0,0,0,0,Bachelor of Technology (B.Tech),Computer  Science,2019,N/A,6.90/10,89.00/89.00,9.80/9.80
ML0059,Hyderabad,0,0,0,0,0,0,0,0,,0,0,0,0,0,Bachelor of Technology (B.Tech),Electrical and Electronics Engineering,2017,N/A,72.00/100,N/A,N/A
ML0060,Pune,3,1,0,3,0,2,2,0,,0,3,0,0,0,Post Graduate Programme (PGP),Data Science,2019,N/A,6.00/10,N/A,N/A
ML0061,Delhi,3,0,3,0,0,0,0,0,,0,0,0,0,0,Bachelor of Technology (B.Tech),Electronics and Communication,2021,N/A,N/A,N/A,N/A
ML0062,Indore,1,0,0,0,0,0,0,2,,0,0,0,0,0,Bachelor of Technology (B.Tech),Biological sciences and bioengineering,2022,N/A,6.80/10,89.00/89.00,9.80/9.80
ML0063,Bangalore,2,2,0,0,0,0,0,0,,0,0,0,0,0,Post Graduate Diploma in Big Data Analytics (PG-DBDA),Big Data Analytics,2019,61.00/100,68.34/100,N/A,79.81/79.81
ML0064,Hyderabad,2,2,0,0,0,0,0,0,,0,0,0,0,0,Bachelor of Technology (B.Tech),Biotechnology,2018,N/A,8.30/10,N/A,N/A
ML0065,Bangalore,2,2,0,0,0,2,0,0,,0,0,0,0,0,,Data Science,2019,N/A,68.00/100,N/A,N/A
ML0066,Ajmer,2,0,0,0,0,3,3,2,,0,3,0,0,0,Bachelor of Technology (B.Tech),Computer  Science,2021,N/A,7.00/7,N/A,8.00/8.00
ML0067,Chandigarh,2,0,0,2,3,3,3,3,,0,0,0,0,0,Bachelor of Engineering (B.E),Computer Science & Engineering,2020,N/A,7.10/10,8.20/8.20,9.30/9.30
ML0068,Kozhikode,2,2,0,1,0,0,0,0,,0,0,0,0,0,Bachelor of Engineering (B.E),Mechatronics,2019,N/A,8.00/10,7.90/7.90,N/A
ML0069,Bangalore,2,0,0,0,0,0,0,0,,0,0,0,0,0,Bachelor of Technology (B.Tech),,2013,N/A,N/A,N/A,N/A
ML0070,Bangalore,2,0,0,0,0,0,0,0,,0,0,0,0,0,Bachelor of Engineering (B.E),Computer  Science,2020,N/A,7.90/10,83.60/83.60,N/A
ML0071,Bangalore,3,0,0,0,2,3,0,2,,0,0,0,0,0,Bachelor of Engineering (B.E),Computer Science & Engineering,2018,8.06/10,N/A,N/A,N/A
ML0072,Indore,1,2,0,2,2,2,2,2,,0,0,0,0,0,Master of Technology (M.Tech),Big Data Analytics,2021,60.00/100,58.01/100,76.80/76.80,84.50/84.50
ML0073,Bangalore,2,2,0,0,0,1,1,1,,0,0,0,0,0,Bachelor of Commerce (B.Com),,2017,N/A,71.00/100,89.00/89.00,N/A
ML0074,Banglore,2,0,0,0,0,2,2,2,,0,0,0,0,2,Master of Science (M.Sc),computer science,2016,6.00/7,5.00/7,N/A,N/A
ML0075,Hyderabad,1,0,1,0,0,0,0,0,,0,0,0,0,0,Bachelor of Technology (B.Tech),Electronics and Communication,2016,N/A,65.00/100,83.00/83.00,75.00/75.00
ML0076,Bangalore,1,0,0,2,0,2,2,0,,0,0,0,0,0,Bachelor of Technology (B.Tech),Computer  Science,2021,N/A,N/A,74.60/74.60,8.00/8.00
ML0077,Bangalore,3,3,3,0,0,2,0,0,,0,0,0,0,0,Bachelor of Technology (B.Tech),Instrumentation & Electronics,2019,N/A,6.74/10,N/A,10.00/10.00
ML0078,Bangalore,2,0,0,2,0,2,2,0,,0,0,0,0,0,Bachelor of Engineering (B.E),Mechanical Engineering,2017,N/A,63.00/100,N/A,N/A
ML0079,Bangalore,2,1,0,0,0,0,0,0,,0,0,0,0,0,Bachelor of Engineering (B.E),Mechanical Engineering,2019,N/A,6.89/10,72.00/72.00,73.00/73.00
ML0080,Hyderabad,1,0,0,0,0,2,0,0,,0,0,0,0,0,B.Tech (Hons.),Civil Engineering,2017,N/A,6.86/10,96.40/96.40,87.60/87.60
ML0081,Delhi,2,2,0,2,0,3,2,0,,0,0,0,0,0,Master of Technology (M.Tech),Industrial and Management Engineering,2021,7.30/10,84.00/100,84.60/84.60,8.00/8.00
ML0082,Bangalore,3,2,0,0,0,0,0,0,,0,0,0,0,0,Post Graduate Programme (PGP),"Data Science, Data Analytics, Big Data",2019,N/A,N/A,N/A,N/A
ML0083,Jaipur,2,0,2,3,0,2,2,0,,0,3,0,0,0,Bachelor of Technology (B.Tech),Computer  Science,2021,N/A,N/A,N/A,N/A
ML0084,Chennai,2,0,0,0,0,0,0,0,,0,0,0,0,0,Post Graduate Programme (PGP),Artificial Intelligence And Machine Learning,2020,N/A,60.00/100,N/A,N/A
ML0085,Bangalore,2,2,0,0,0,0,0,2,,0,0,0,0,0,Master of Technology (M.Tech),Engineering Design,2016,7.00/7,N/A,N/A,N/A
ML0086,Pune,2,0,0,0,0,0,0,0,,0,0,0,0,0,Master of Science (M.Sc),Computer Science With The Specialization In Data Science,2020,N/A,59.33/100,N/A,N/A
ML0087,Lucknow,2,0,1,0,0,0,0,0,,0,0,0,0,0,Bachelor of Technology (B.Tech),Computer Science & Engineering,2020,N/A,78.00/100,68.40/68.40,64.60/64.60
ML0088,Barhampur,2,0,2,0,0,2,0,0,,0,0,0,0,0,Bachelor of Technology (B.Tech),Computer  Science,2020,N/A,N/A,N/A,N/A
ML0089,Bangalore,1,0,0,0,0,3,3,2,,0,3,0,0,0,Bachelor of Engineering (B.E),Information Science,2015,N/A,56.00/100,53.00/53.00,67.00/67.00
ML0090,Kolhapur,1,0,0,2,3,3,3,3,,0,0,0,0,0,Master of Science (M.Sc),Statistics,2019,7.57/10,N/A,N/A,N/A
ML0091,Bangalore,2,2,2,1,0,0,0,0,,0,0,0,0,0,Bachelor of Technology (B.Tech),Computer Science & Engineering,2019,N/A,61.00/100,60.00/60.00,74.40/74.40
ML0092,Bangalore,2,0,0,0,0,0,0,0,,0,0,0,0,0,B.Tech (Hons.),Computer  Science,2020,N/A,7.50/10,85.00/85.00,9.00/9.00
ML0093,Bangalore,2,0,0,0,0,0,0,0,,0,0,0,0,0,Bachelor of Engineering (B.E) (Hons.),Information Science,2020,N/A,7.68/10,N/A,N/A
ML0094,Idupulapaya,3,1,2,0,2,3,0,2,,0,0,0,0,0,Bachelor of Technology (B.Tech),Electronics and Communication,2021,N/A,8.43/10,8.59/8.59,9.50/9.50
ML0095,Bangalore,2,0,0,2,2,2,2,2,,0,0,0,0,0,Bachelor of Engineering (B.E),Information Technology,2020,N/A,8.12/10,N/A,N/A
ML0096,Bangalore,2,2,0,0,0,1,1,1,,0,0,0,0,0,Bachelor of Engineering (B.E),Mechanical Engineering,2017,N/A,64.16/100,76.33/76.33,79.53/79.53
ML0097,Bangalore,2,2,0,0,0,2,2,2,,0,0,0,0,2,Bachelor of Engineering (B.E),Information Technology,2017,N/A,56.85/100,65.40/65.40,67.00/67.00
ML0098,Pune,2,2,0,0,0,0,0,0,,0,0,0,0,0,Bachelor of Technology (B.Tech),Electronics and Telecommunication Engineering (ETE),2015,N/A,N/A,N/A,N/A
ML0099,Bangalore,2,0,0,1,0,2,2,2,,0,0,0,0,1,Bachelor of Computer Applications (BCA),Computer  Science,2019,N/A,7.00/10,51.00/51.00,7.80/7.80
ML0100,Hyderabad,2,0,0,0,2,3,3,3,,0,0,0,0,2,Master of Technology (M.Tech),,2017,N/A,1.00/5,N/A,N/A
ML0101,Bangalore,2,2,0,0,0,2,2,1,,0,0,0,0,1,Master of Technology (M.Tech),computer science,2018,8.91/10,N/A,N/A,N/A
ML0102,Thrissur,1,2,0,0,0,2,2,2,,0,0,0,0,1,,Advance Diploma In Big Data Analytics,2020,N/A,80.00/100,73.00/73.00,81.00/81.00
ML0103,Bangalore,3,0,0,0,0,2,0,2,,0,0,0,0,2,Bachelor of Engineering (B.E),Electronics and Communication,2019,N/A,6.90/10,79.00/79.00,89.00/89.00
ML0104,Bangalore,3,2,0,0,1,0,0,0,,0,0,0,0,1,Bachelor of Technology (B.Tech),computer science,2019,N/A,N/A,N/A,N/A
ML0105,Bangalore,2,0,0,0,1,1,0,0,,0,0,0,0,2,B.Tech (Hons.),Computer  Science And Engineering,2020,N/A,75.00/100,N/A,N/A
ML0106,Bangalore,2,0,0,0,0,0,0,0,,0,0,0,0,1,Bachelor of Technology (B.Tech),Computer Science AndEngineering,2019,N/A,7.56/10,7.00/7.00,9.00/9.00
ML0107,Bangalore,3,0,0,0,0,0,0,0,,0,0,0,0,1,Bachelor of Technology (B.Tech),Civil Engineering,2018,N/A,72.00/100,N/A,7.40/7.40
ML0108,Bangalore,2,0,0,2,0,3,2,2,,0,0,0,0,0,Master of Computer Applications (MCA),,2020,71.00/100,N/A,N/A,N/A
ML0109,Bangalore,2,0,1,0,0,2,2,1,,0,0,0,0,0,Bachelor of Engineering (B.E),Electronics and Communication,2016,N/A,71.00/100,N/A,N/A
ML0110,Jalandhar,2,0,0,0,0,2,0,0,,0,0,0,0,0,Bachelor of Technology (B.Tech),Instrumentation and Control Engineering,2021,N/A,7.28/10,76.02/76.02,9.00/9.00
ML0111,Bangalore,1,0,0,0,0,3,2,2,,0,0,0,0,0,Bachelor of Technology (B.Tech),Electronics and Communication,2019,N/A,7.26/10,75.00/75.00,87.04/87.04
ML0112,Bangalore,2,2,0,1,0,1,1,1,,0,0,0,0,1,Integrated M.Sc.,Mathematics,2008,N/A,6.40/10,N/A,N/A
ML0113,Hyderabad,2,0,0,0,2,2,2,2,,0,0,0,0,2,Bachelor of Technology (B.Tech),Information Technology,2016,N/A,7.30/10,89.60/89.60,82.00/82.00
ML0114,Bangalore,1,0,0,0,0,0,0,0,,0,0,0,0,1,Bachelor of Business Management (B.B.M.),Marketing,2007,N/A,N/A,N/A,N/A
ML0115,Hyderabad,2,0,2,0,0,0,0,0,,0,0,0,0,2,Master of Technology (M.Tech),Sensor Systems Technology,2015,8.30/10,69.29/100,91.00/91.00,82.10/82.10
ML0116,Banglore,2,0,0,0,0,0,0,0,,0,0,0,0,1,Bachelor of Technology (B.Tech),Information Technology,2017,N/A,6.84/10,67.70/67.70,68.70/68.70
ML0117,Bangalore,2,0,1,2,0,3,2,0,,0,0,0,0,0,Bachelor of Technology (B.Tech),Production Engineering,2019,7.17/10,N/A,75.00/75.00,89.00/89.00
ML0118,Hyderabad,2,2,1,0,0,0,0,1,,0,0,0,0,0,,Artificial Intelligence,2020,N/A,83.00/100,86.70/86.70,9.80/9.80
ML0119,Bangalore,1,0,1,0,0,2,2,0,,0,0,0,0,0,B.Tech (Hons.),Mechanical Engineering,2019,N/A,7.85/10,N/A,N/A
ML0120,Indore,2,0,2,0,0,2,0,0,,0,0,0,0,0,Bachelor of Technology (B.Tech),Computer Science &amp;engineering,2020,N/A,9.24/10,84.60/84.60,8.20/8.20
ML0121,Varanasi,2,0,0,0,2,2,2,2,,0,0,0,2,1,Bachelor of Technology (B.Tech),Ceramic Engineering,2021,N/A,7.72/10,N/A,N/A
ML0122,Kolkata,2,0,0,0,1,2,2,1,,0,0,0,0,2,Bachelor of Commerce (B.Com) (Hons.),Commerce With Maths,2019,N/A,40.00/100,78.00/78.00,N/A
ML0123,Bangalore,1,0,0,0,0,2,2,0,,1,0,0,0,1,Master of Technology (M.Tech),Computer Science & Engineering,2017,7.80/10,67.00/100,63.00/63.00,75.00/75.00
ML0124,Chennai,0,1,0,0,0,2,2,2,,0,0,0,0,1,Post Graduate Diploma in Management (P.G.D.M.),Finance And Analytics,2021,N/A,63.40/100,82.20/82.20,82.20/82.20
ML0125,Bangalore,3,2,3,2,2,2,2,2,,0,2,0,0,1,Bachelor of Engineering (B.E),Computer  Science,2019,N/A,7.60/10,60.00/60.00,82.33/82.33
ML0126,Agartala,2,0,0,0,0,0,0,0,,0,0,0,0,0,Integrated B.Tech & M.Tech,Engineering Physics,2019,N/A,6.73/10,86.80/86.80,10.00/10.00
ML0127,Bangalore,1,0,0,0,0,0,0,0,,0,0,0,0,0,Bachelor of Technology (B.Tech),Aerospace Engineering,2020,N/A,60.00/100,8.00/8.00,N/A
ML0128,Pune,2,2,0,0,0,0,0,0,,0,0,0,0,0,Bachelor of Engineering (B.E),Electronics and Telecommunication Engineering (ETE),2014,N/A,62.00/100,N/A,86.72/86.72
ML0129,Banglore,2,0,0,0,0,0,0,0,,0,0,0,2,0,Bachelor of Technology (B.Tech),,2019,N/A,7.50/10,49.00/49.00,64.00/64.00
ML0130,Bangalore,2,0,1,0,3,3,3,3,,0,0,0,0,0,Bachelor of Commerce (B.Com),Commerce,2006,N/A,N/A,N/A,N/A
ML0131,Vadodara,2,0,0,2,0,0,0,0,,0,0,0,0,0,Bachelor of Technology (B.Tech),Information Technology,2021,N/A,8.74/10,N/A,N/A
ML0132,Bangalore,2,0,0,0,0,3,2,2,,0,0,0,0,0,Master of Technology (M.Tech),Computer  Science,2019,69.00/100,67.00/100,74.00/74.00,89.00/89.00
ML0133,Bangalore,2,0,0,2,1,0,0,0,,0,0,0,0,0,B.Tech (Hons.),Electronics and Communication,2018,N/A,6.47/10,N/A,N/A
ML0134,Bangalore,2,0,0,0,0,0,0,0,,0,0,0,0,0,Bachelor of Technology (B.Tech),Electronics and Communication,2018,N/A,57.00/100,N/A,N/A
ML0135,Ghaziabad,2,0,0,0,2,2,2,1,,1,1,0,0,0,Bachelor of Technology (B.Tech),Mechanical Engineering,2017,N/A,76.08/100,78.40/78.40,8.00/8.00
ML0136,Bangalore,2,2,0,2,0,2,2,0,,0,0,0,0,0,PG Diploma in Data Science,Data Analytics,2019,5.19/100,7.89/100,56.00/56.00,63.00/63.00
ML0137,Mumbai,2,2,0,1,0,2,2,1,,0,0,0,0,0,Bachelor of Engineering (B.E),Information Technology,2019,N/A,5.79/10,N/A,N/A
ML0138,Bangalore,2,3,0,0,0,2,1,0,,0,0,0,0,0,,Advanced Big Data Analytics,2020,65.00/100,80.00/100,82.00/82.00,88.00/88.00
ML0139,Bangalore,0,1,2,2,2,2,2,2,,0,0,0,0,0,Master of Science (M.S.),Computer  Science,2020,75.00/100,57.00/100,N/A,N/A
ML0140,Chennai,2,0,2,2,2,3,3,2,,0,2,2,2,0,Bachelor of Engineering (B.E),Electronics and Communication,2018,N/A,6.77/10,92.50/92.50,95.60/95.60
ML0141,Bangalore,2,0,0,0,0,2,1,2,,0,0,1,1,1,Bachelor of Engineering (B.E),Computer Science & Engineering,2018,N/A,76.00/100,N/A,N/A
ML0142,Bangalore,1,0,0,0,0,0,0,0,,0,0,0,0,0,Post Graduate Programme (PGP),Data Analytics,2020,8.30/100,7.20/10,N/A,N/A
ML0143,Bangalore,2,2,0,0,0,2,2,0,,0,0,0,0,0,Post Graduate Program in Business Analytics,Business Analytics,2020,N/A,8.70/10,7.60/7.60,8.10/8.10
ML0144,Pune,2,0,2,0,0,0,0,0,,0,0,0,0,0,Bachelor of Engineering (B.E),Mechanical Engineering,2017,N/A,66.75/100,N/A,89.82/89.82
ML0145,Bangalore,2,3,0,0,2,0,2,2,,0,0,0,0,0,Bachelor of Engineering (B.E),Technology,2019,N/A,6.00/10,N/A,N/A
ML0146,Bangalore,3,0,0,0,0,2,0,0,,0,0,0,0,0,MBA,Finance,2019,7.88/10,62.65/100,76.70/76.70,68.16/68.16
ML0147,Bangalore,2,0,0,0,0,2,2,1,,0,0,0,0,0,Bachelor of Engineering (B.E),Information Technology,2004,N/A,N/A,N/A,N/A
ML0148,Bangalore,2,0,2,0,0,0,0,0,,0,0,0,0,0,Bachelor of Technology (B.Tech),Mechanical Engineering,2019,N/A,8.71/10,83.16/83.16,86.40/86.40
ML0149,Kharagpur,2,0,2,1,0,1,1,1,,0,0,0,0,0,Integrated B.Tech & M.Tech,Aerospace Engineering,2019,N/A,8.12/10,86.00/86.00,N/A
ML0150,Bangalore,1,0,0,1,1,1,1,0,,0,0,0,0,0,Master of Science (M.Sc),Mathematics,2019,N/A,85.00/100,N/A,N/A
ML0151,Bangalore,1,0,0,0,0,2,2,0,,0,0,0,0,0,Master of Science (M.Sc),Computer  Science,2019,73.00/100,64.50/100,71.50/71.50,64.00/64.00
ML0152,Bangalore,1,2,0,1,0,1,1,1,,0,0,0,0,0,Bachelor of Engineering (B.E),,2017,N/A,70.00/100,N/A,N/A
ML0153,Bangalore,3,0,1,0,0,1,1,1,,0,0,0,0,0,PG Diploma in Data Science,Data Analytics,2019,70.00/100,53.00/100,68.00/68.00,70.00/70.00
ML0154,Bangalore,2,0,0,0,0,2,2,0,,0,2,0,0,0,Bachelor of Engineering (B.E),Computer  Science,2020,N/A,N/A,N/A,N/A
ML0155,Banglore,2,0,2,0,2,2,2,1,,0,2,0,0,0,Bachelor of Technology (B.Tech),Electronics and Communication,2018,N/A,57.00/100,90.00/90.00,9.00/9.00
ML0156,Jaipur,2,0,0,0,0,0,0,0,,0,0,0,0,0,B.Tech (Hons.),Computer & Communication Engineering,2021,N/A,8.12/10,74.80/74.80,86.80/86.80
ML0157,Bangalore,3,1,0,1,2,1,2,0,,0,2,0,0,0,Bachelor of Technology (B.Tech),Computer  Science,2019,N/A,6.62/10,6.30/6.30,6.20/6.20
ML0158,Dehradun,1,0,0,2,0,2,2,2,,0,0,0,0,0,Bachelor of Technology (B.Tech),Computer Science & Engineering,2021,N/A,7.42/10,7.80/7.80,9.40/9.40
ML0159,Bangalore,3,0,0,2,3,3,2,2,,0,2,0,2,0,Bachelor of Engineering (B.E),Electrical and Electronics Engineering,2014,N/A,6.50/10,N/A,N/A
ML0160,Bhubaneswar,2,0,2,0,0,0,0,0,,0,0,0,0,0,Bachelor of Technology (B.Tech),Civil Engineering,2021,N/A,7.09/10,85.60/85.60,10.00/10.00
ML0161,Bangalore,3,0,0,0,0,0,0,0,,0,0,0,0,0,Bachelor of Engineering (B.E),Computer  Science,2019,N/A,6.80/10,86.50/86.50,8.70/8.70
ML0162,Mangaluru,0,0,0,3,0,3,2,3,,0,0,0,0,0,Bachelor of Technology (B.Tech),Mechanical Engineering,2021,N/A,N/A,80.62/80.62,91.20/91.20
ML0163,Pune,2,0,0,0,0,2,0,2,,0,0,0,0,0,Bachelor of Engineering (B.E),Mechanical Engineering,2014,N/A,63.66/100,85.67/85.67,85.61/85.61
ML0164,Roorkee,2,0,0,0,0,0,0,0,,0,0,0,0,0,Integrated M.Sc.,Earth Sciences,2023,N/A,7.20/10,89.00/89.00,95.20/95.20
ML0165,Bangalore,1,1,0,0,0,0,0,0,,0,0,0,0,0,B.Tech (Hons.),Mechanical Engineering,2016,N/A,8.27/10,69.00/69.00,67.50/67.50
ML0166,Delhi,2,0,1,0,0,0,0,0,,0,0,0,0,0,Master of Technology (M.Tech),Data Science,2021,9.43/10,8.61/10,86.20/86.20,9.00/9.00
ML0167,Bangalore,1,1,0,2,2,2,2,2,,0,2,0,0,0,Master of Computer Applications (MCA),Computer Application,2019,60.00/100,55.00/100,N/A,N/A
ML0168,Bangalore,1,1,0,0,0,2,0,0,,0,0,0,0,0,Master of Science (M.Sc),Economics,2019,65.30/100,53.88/100,82.75/82.75,86.00/86.00
ML0169,Hyderabad,2,0,0,2,0,2,2,1,,0,0,0,0,0,Bachelor of Computer Science (B.C.S.),Computer Science & Engineering,2018,N/A,70.00/100,91.20/91.20,8.00/8.00
ML0170,Kolkata,0,0,0,0,0,2,2,1,,0,0,0,0,0,Bachelor of Technology (B.Tech),Computer  Science,2015,N/A,7.36/10,N/A,N/A
ML0171,Bangalore,2,2,0,0,0,0,0,0,,0,0,0,0,0,Bachelor of Technology (B.Tech),Electronics and Telecommunication Engineering (ETE),2013,N/A,7.20/10,N/A,N/A
ML0172,Hyderabad,3,3,0,2,0,2,2,3,,0,0,0,0,0,Post Graduate Programme (PGP),Data Science,2019,N/A,76.00/100,83.30/83.30,N/A
ML0173,Coimbatore,1,0,0,1,0,1,1,1,,0,0,0,0,0,Bachelor of Science (B.Sc),Information Technology,2021,N/A,N/A,N/A,N/A
ML0174,Bangalore,0,0,0,1,1,1,1,0,,0,0,0,0,0,Bachelor of Engineering (B.E),Information Science,2020,N/A,8.31/10,N/A,N/A
ML0175,Bangalore,0,0,0,0,0,2,2,0,,0,0,0,0,0,Bachelor of Engineering (B.E),Electronics and Communication,2014,N/A,8.81/10,67.00/67.00,92.00/92.00
ML0176,Kolkata,2,2,3,1,0,1,1,1,,0,0,0,0,0,Bachelor of Technology (B.Tech),Computer  Science,2019,N/A,9.14/10,94.80/94.80,10.00/10.00
ML0177,Hyderabad,2,0,2,0,0,1,1,1,,0,0,0,0,0,Bachelor of Technology (B.Tech),Electronics and Communication,2019,N/A,63.40/100,N/A,9.30/9.30
ML0178,Chennai,2,2,2,0,0,2,2,0,,0,2,0,0,0,Master of Technology (M.Tech),Remote Sensing And Wireless Sensor,2020,N/A,7.00/10,N/A,N/A
ML0179,Hyderabad,2,0,2,0,2,2,2,1,,0,2,0,0,0,Integrated B.Tech,Electronics and Communication,2013,N/A,75.00/100,N/A,N/A
ML0180,Visakhapatnam,2,2,2,0,0,0,0,0,,0,0,0,0,0,Master of Technology (M.Tech),Data Science,2021,9.00/10,84.16/100,84.30/84.30,9.30/9.30
ML0181,Bangalore,2,0,0,1,2,1,2,0,,0,2,0,0,0,Master of Science (M.Sc) (Hons.),Statistics,2019,6.00/10,73.00/100,70.00/70.00,84.00/84.00
ML0182,Bangalore,2,0,1,2,0,2,2,2,,0,0,0,0,0,Bachelor of Technology (B.Tech),Information Technology,2018,N/A,64.36/100,96.70/96.70,93.30/93.30
ML0183,Bangalore,2,2,2,2,3,3,2,2,,0,2,0,2,0,B.Tech (Hons.),Computer  Science,2019,N/A,N/A,N/A,N/A
ML0184,Bangalore,0,2,0,0,0,0,0,0,,0,0,0,0,0,Master of Technology (M.Tech),Design,2012,69.00/100,65.00/100,N/A,N/A
ML0185,Bangalore,2,2,0,0,0,0,0,0,,0,0,0,0,0,Master of Technology (M.Tech),Computer Science & Engineering,2019,9.30/10,N/A,N/A,N/A
ML0186,Banglore,1,0,0,3,0,3,2,3,,0,0,0,0,0,Master of Technology (M.Tech),Computer  Science,2019,77.90/100,8.60/10,N/A,N/A
ML0187,Noida,2,0,2,0,0,2,0,2,,0,0,0,0,0,Bachelor of Technology (B.Tech),Computer Science & Engineering,2021,N/A,8.69/10,97.25/97.25,94.20/94.20
ML0188,Bangalore,3,0,0,0,0,0,0,0,,0,0,0,0,0,Master of Technology (M.Tech),Computer Science & Engineering,2020,7.50/10,N/A,58.00/58.00,65.00/65.00
ML0189,Chennai,2,0,0,0,0,0,0,0,,0,0,0,0,0,Bachelor of Technology (B.Tech),Electronics and Computer Engineering,2021,N/A,8.05/10,N/A,N/A
ML0190,Akola,2,1,2,0,0,0,0,0,,0,0,0,0,0,Bachelor of Engineering (B.E),Electronics and Telecommunication Engineering (ETE),2016,N/A,5.90/10,8.60/8.60,9.20/9.20
ML0191,Thane,2,0,0,2,2,2,2,2,,0,2,0,0,0,Post Graduate Diploma in Management (P.G.D.M.),Business Analytics,2020,N/A,N/A,N/A,N/A
ML0192,Jalandhar,2,0,2,0,0,2,0,0,,0,0,0,0,0,Bachelor of Technology (B.Tech),Instrumentation and Control Engineering,2021,N/A,8.27/10,80.00/80.00,9.40/9.40
ML0193,Chennai,2,2,0,2,0,2,2,1,,0,0,0,0,0,,Business Analytics And Business Intelligence,2020,N/A,7.74/100,N/A,N/A
ML0194,Bangalore,0,0,0,0,0,2,2,1,,0,0,0,0,0,Bachelor of Technology (B.Tech),Electrical and Electronics Engineering,2016,N/A,71.00/100,88.00/88.00,89.00/89.00
ML0195,Bangalore,2,0,1,0,0,0,0,0,,0,0,0,0,0,Bachelor of Engineering (B.E),Electronics and Communication,2017,N/A,6.48/10,8.26/8.26,8.70/8.70
ML0196,Kochi,2,0,0,2,0,2,2,3,,0,0,0,0,0,Bachelor of Engineering (B.E),Computer Science & Engineering,2018,N/A,7.32/10,58.60/58.60,N/A
ML0197,Nashik,1,0,0,1,0,1,1,1,,0,0,0,0,0,Bachelor of Engineering (B.E),Information Technology,2012,N/A,62.00/100,N/A,64.00/64.00
ML0198,Bangalore,3,0,2,1,1,1,1,0,,0,0,0,0,0,Integrated B.Tech,Electronics and Communication,2019,N/A,7.10/10,7.80/7.80,9.70/9.70
ML0199,Bangalore,1,1,0,0,0,2,2,0,,0,0,0,0,0,Master of Technology (M.Tech),Computer  Science,2017,8.68/10,8.00/10,N/A,N/A
ML0200,Bangalore,2,0,0,1,0,1,1,1,,0,0,0,0,0,Bachelor of Engineering (B.E),Mechanical Engineering,2019,N/A,6.85/10,78.00/78.00,86.00/86.00
ML0201,Bangalore,0,0,0,0,0,1,1,1,,0,0,0,0,0,Integrated M.Tech,Artificial Intelligence,2023,N/A,1.00/10,N/A,N/A
ML0202,Bangalore,2,0,1,0,0,2,2,0,,0,2,0,0,0,Bachelor of Technology (B.Tech),Computer  Science,2018,N/A,N/A,N/A,N/A
ML0203,Bangalore,0,0,0,0,2,2,2,1,,0,2,0,0,0,Master of Computer Applications (MCA),Computer Science & Engineering,2020,7.00/10,5.00/10,5.00/5.00,N/A
ML0204,Bhubaneswar,3,2,1,0,0,0,0,0,,0,0,0,0,0,Bachelor of Technology (B.Tech),Computer Science & Engineering,2020,N/A,7.00/10,N/A,N/A
ML0205,Hyderabad,2,0,0,1,2,1,2,0,,0,2,0,0,0,B.Com. Professional,,2019,N/A,70.00/100,N/A,N/A
ML0206,Bangalore,2,0,2,2,0,2,2,2,,0,0,0,0,0,Bachelor of Technology (B.Tech),IT,2019,N/A,7.35/10,92.00/92.00,9.00/9.00
ML0207,Vellore,2,0,0,2,3,3,2,2,,0,2,0,2,0,Bachelor of Technology (B.Tech),Computer Science & Engineering,2022,N/A,9.30/10,N/A,N/A
ML0208,Kochi,1,0,0,0,0,0,0,0,,0,0,0,0,0,B.Tech (Hons.),Information Technology,2021,N/A,7.90/10,65.20/65.20,77.60/77.60
ML0209,Agra,2,0,0,0,0,0,0,0,,0,0,0,0,0,B.Tech (Hons.),Electronics and Communication,2021,N/A,72.00/100,75.40/75.40,9.40/9.40
ML0210,Bangalore,2,0,0,3,0,3,2,3,,0,0,0,0,0,Master of Computer Applications (MCA),Computer  Science,2020,7.60/10,57.80/100,62.60/62.60,71.83/71.83
ML0211,Kozhikode,0,0,0,0,0,2,0,2,,0,0,0,0,0,Bachelor of Business Administration (B.B.A.),,2020,N/A,N/A,N/A,N/A
ML0212,Bangalore,0,0,0,0,0,0,0,0,,0,0,0,0,0,Bachelor of Engineering (B.E),Electronics and Communication,2020,N/A,7.69/10,88.00/88.00,7.40/7.40
ML0213,Bangalore,2,0,0,0,0,0,0,0,,0,0,0,0,0,,Machine Learning And Artificial Intelligence,2020,69.80/100,74.80/100,63.00/63.00,62.00/62.00
ML0214,Bangalore,2,0,0,0,0,0,0,0,,0,0,0,0,0,Master of Science (M.Sc),Mathematics,2016,63.20/100,65.02/100,N/A,N/A
ML0215,Bangalore,2,0,2,2,2,2,2,2,,0,2,0,0,0,Bachelor of Engineering (B.E),Computer Science & Engineering,2017,N/A,55.00/100,59.80/59.80,7.20/7.20
ML0216,Pune,2,2,2,0,0,2,0,0,,0,0,0,0,0,Bachelor of Engineering (B.E),Data Science,2020,N/A,9.00/10,N/A,N/A
ML0217,Bangalore,1,0,0,2,0,2,2,1,,0,0,0,0,0,PG Diploma in Data Science,Data Science,2020,N/A,N/A,N/A,N/A
ML0218,Delhi,2,2,0,0,0,2,2,1,,0,0,0,0,0,Bachelor of Technology (B.Tech),Mechanical Engineering,2016,N/A,61.00/100,67.00/67.00,N/A
ML0219,Bangalore,3,2,2,0,0,0,0,0,,0,0,0,0,0,Bachelor of Science (B.Sc),Computer Science And Mathematics,2018,N/A,N/A,N/A,N/A
ML0220,Thrissur,2,2,0,2,0,2,2,3,,0,0,0,0,0,Master of Technology (M.Tech),E Learning Technologies,2016,7.15/10,N/A,84.00/84.00,80.00/80.00
ML0221,Varanasi,2,2,0,2,0,2,3,2,,0,2,0,0,0,Master of Computer Applications (MCA),Computer  Science,2020,7.77/10,67.78/100,78.68/78.68,73.50/73.50
ML0222,Shillong,0,0,0,2,2,2,2,2,,0,0,0,0,0,Master of Computer Applications (MCA),,2020,N/A,7.66/10,59.00/59.00,7.60/7.60
ML0223,Jaipur,3,0,1,2,2,2,0,2,,0,0,0,0,0,Bachelor of Technology (B.Tech),Computer  Science,2020,N/A,70.00/100,63.00/63.00,N/A
ML0224,Haryana,2,0,2,1,0,2,0,0,,0,0,0,0,0,Bachelor of Technology (B.Tech),Computer  Science,2020,N/A,5.50/10,7.47/7.47,7.70/7.70
ML0225,Tezpur,2,0,0,2,0,2,1,1,,0,0,2,2,2,B.Tech (Hons.),Electronics and Communication,2020,N/A,7.90/10,92.40/92.40,N/A
ML0226,Bangalore,3,0,0,1,0,3,2,1,,0,0,0,0,0,Master of Computer Applications (MCA),,2019,7.02/10,71.75/100,57.00/57.00,70.20/70.20
ML0227,Bangalore,0,0,0,0,0,0,0,0,,0,0,0,0,0,Bachelor of Computer Applications (BCA),,2019,N/A,67.50/100,58.40/58.40,66.00/66.00
ML0228,Bangalore,0,1,0,0,0,2,0,0,,0,0,0,0,0,Bachelor of Engineering (B.E),Computer  Science,2018,N/A,6.65/10,60.00/60.00,60.00/60.00
ML0229,Bangalore,0,0,0,0,0,2,2,0,,0,0,0,0,0,Master of Computer Applications (MCA),,2020,6.33/10,61.00/100,56.00/56.00,66.00/66.00
ML0230,Mahé,0,0,2,0,0,2,2,2,,0,0,0,0,2,Bachelor of Technology (B.Tech),Electronics and Communication,2019,N/A,77.00/100,88.00/88.00,94.00/94.00
ML0231,Mysuru,2,0,0,0,0,0,0,0,,0,0,0,0,0,Master of Computer Applications (MCA),Computer Application,2020,N/A,8.30/10,N/A,N/A
ML0232,Bangalore,2,0,2,1,0,2,0,0,,0,0,0,0,0,Master of Computer Applications (MCA),Computer  Applications,2020,6.20/10,N/A,N/A,N/A
ML0233,Bangalore,2,2,1,1,0,2,2,1,,0,0,0,0,0,Bachelor of Engineering (B.E),Information Science,2020,N/A,6.63/10,86.00/86.00,74.44/74.44
ML0234,Bangalore,2,2,0,2,1,0,0,0,,0,0,0,0,0,Master of Computer Applications (MCA),Computer Application,2020,8.74/10,86.46/100,N/A,N/A
ML0235,Chennai,1,0,0,0,0,0,0,0,,0,0,0,0,0,Master of Computer Applications (MCA),Computer  Science,2020,8.02/10,66.70/100,60.80/60.80,8.60/8.60
ML0236,Bangalore,2,0,0,0,2,2,2,1,,1,1,0,0,0,Master of Computer Applications (MCA),IT,2020,61.00/100,56.20/100,N/A,N/A
ML0237,Bangalore,0,0,0,2,0,2,2,0,,0,0,0,0,0,Master of Science (M.Sc),Information Technology,2020,N/A,N/A,N/A,N/A
ML0238,Ranchi,1,0,0,0,0,2,2,1,,0,0,0,0,0,Master of Computer Applications (MCA),Computer Application,2020,7.08/10,85.00/100,79.20/79.20,76.83/76.83
ML0239,Bangalore,2,0,0,0,0,2,1,0,,0,0,0,0,0,Bachelor of Technology (B.Tech),Electronics and Communication,2019,N/A,69.00/100,58.20/58.20,65.00/65.00
ML0240,Bangalore,0,0,0,2,2,2,2,2,,0,0,0,0,1,Master of Computer Applications (MCA),Computer  Science,2020,N/A,N/A,N/A,N/A
ML0241,Bangalore,1,0,0,2,2,3,3,2,,0,2,2,2,0,Master of Computer Applications (MCA),Computer Application,2020,7.60/10,8.30/10,N/A,N/A
ML0242,Bangalore,1,1,0,0,0,0,0,0,,0,0,0,0,0,Bachelor of Engineering (B.E),computer science,2020,N/A,8.75/10,82.00/82.00,N/A
ML0243,Bangalore,0,0,0,0,0,2,2,0,,0,0,0,0,0,Master of Computer Applications (MCA),Computer Application,2020,8.10/10,62.99/100,66.00/66.00,79.68/79.68
ML0244,Bangalore,1,0,2,0,0,0,0,0,,0,0,0,0,0,B.Tech (Hons.),Computer Science & Engineering,2019,N/A,7.50/100,N/A,N/A
ML0245,Bangalore,2,0,0,0,2,0,2,2,,0,0,0,0,0,Master of Computer Applications (MCA),cs,2020,N/A,7.20/10,N/A,N/A
ML0246,Namakkal,0,0,0,0,0,2,0,0,,0,0,0,0,0,Bachelor of Engineering (B.E),Computer Science & Engineering,2021,N/A,80.00/100,N/A,N/A
ML0247,Bangalore,2,0,0,0,0,2,2,1,,0,0,0,0,0,Bachelor of Engineering (B.E),Electronics and Communication,2019,N/A,74.00/100,N/A,86.00/86.00
ML0248,Bangalore,0,0,2,0,0,0,0,0,,0,0,0,0,0,,Motel Management,2018,N/A,7.20/10,N/A,N/A
ML0249,Kannur,1,1,0,2,0,2,1,2,,0,0,0,0,0,Master of Computer Applications (MCA),Computer Application,2020,66.00/100,56.00/100,72.00/72.00,82.00/82.00
ML0250,Bangalore,0,2,2,2,0,2,2,0,,0,0,0,0,0,Master of Computer Applications (MCA),Computer  Science,2020,67.00/100,56.00/100,50.00/50.00,85.00/85.00
ML0251,Kanpur,1,2,0,0,0,2,2,0,,0,0,0,0,0,Bachelor of Technology (B.Tech),Information Technology,2020,N/A,9.13/10,95.40/95.40,10.00/10.00
ML0252,Bangalore,0,0,0,1,0,1,1,1,,0,0,0,0,0,Bachelor of Science (B.Sc),Computer  Science,2018,N/A,2.15/5,N/A,N/A
ML0253,Bangalore,0,0,0,0,0,1,1,1,,0,0,0,0,0,Master of Computer Applications (MCA),Computer Application,2020,7.00/10,N/A,N/A,N/A
ML0254,Bangalore,0,2,2,0,0,2,2,0,,0,2,0,0,0,Bachelor of Engineering (B.E),Computer  Science,2019,N/A,7.42/10,N/A,N/A
ML0255,Bangalore,2,3,3,0,2,2,2,1,,0,2,0,0,0,B.Tech (Hons.),Computer  Science,2019,7.60/10,7.60/10,64.00/64.00,6.66/6.66
ML0256,Bangalore,0,0,0,0,0,0,0,0,,0,0,0,0,0,Master of Computer Applications (MCA),Computer Application,2020,N/A,6.00/7,7.00/7.00,8.00/8.00
ML0257,Bangalore,0,0,0,1,2,1,2,0,,0,2,0,0,0,Bachelor of Technology (B.Tech),Computer Science & Engineering,2020,N/A,7.00/7,75.60/75.60,N/A
ML0258,Guwahati,0,0,2,2,0,2,2,2,,0,0,0,0,0,Master of Computer Applications (MCA),,2020,6.35/10,53.97/100,55.40/55.40,6.60/6.60
ML0259,Shillong,2,0,0,2,3,3,2,2,,0,2,0,2,0,Master of Computer Applications (MCA),Computer Application,2020,N/A,7.67/10,70.00/70.00,69.56/69.56
ML0260,Bangalore,0,0,0,0,0,0,0,0,,0,0,0,0,0,Bachelor of Computer Applications (BCA),Mobile Application And Cloud Technology,2020,N/A,6.20/10,51.60/51.60,81.60/81.60
ML0261,Tirupati,0,1,1,0,0,0,0,0,,0,0,0,0,0,B.Tech (Hons.),Electronics and Communication,2020,N/A,9.00/10,N/A,N/A
ML0262,Bangalore,2,0,0,3,0,3,2,3,,0,0,0,0,0,Master of Computer Applications (MCA),Computer Application,2019,71.60/100,80.60/100,53.80/53.80,68.00/68.00
ML0263,Bangalore,0,2,0,0,0,2,0,2,,0,0,0,0,0,Bachelor of Technology (B.Tech),IT,2015,N/A,7.11/10,N/A,N/A
ML0264,Noida,2,2,0,0,0,0,0,0,,0,0,0,0,0,Bachelor of Computer Applications (BCA),Computer Application,2019,N/A,60.30/100,60.30/60.30,N/A
ML0265,Bangalore,1,0,0,0,0,0,0,0,,0,0,0,0,0,Master of Computer Applications (MCA),Computer  Science,2020,6.50/7,73.00/100,75.00/75.00,63.50/63.50
ML0266,Walajapet,0,0,2,0,0,0,0,0,,0,0,0,0,0,Bachelor of Engineering (B.E),,2020,N/A,N/A,4.00/4.00,7.00/7.00
ML0267,Durg,1,0,0,2,2,2,2,2,,0,2,0,0,0,Bachelor of Engineering (B.E),Computer  Science,2020,N/A,75.50/100,N/A,N/A
ML0268,Hyderabad,2,0,2,0,0,2,0,0,,0,0,0,0,0,Bachelor of Technology (B.Tech),Computer Science & Engineering,2020,N/A,75.00/100,N/A,N/A
ML0269,Bangalore,2,0,0,2,0,2,2,1,,0,0,0,0,0,Master of Computer Applications (MCA),Computer Application,2020,7.78/10,6.80/10,N/A,N/A
ML0270,Nagpur,1,0,0,0,0,2,2,1,,0,0,0,0,0,Bachelor of Engineering (B.E),Electronics and Telecommunication Engineering (ETE),2020,N/A,6.10/10,62.62/62.62,N/A
ML0271,Kanpur,2,0,0,0,0,0,0,0,,0,0,0,0,0,Bachelor of Technology (B.Tech),Computer Science & Engineering,2020,N/A,6.50/10,62.50/62.50,76.50/76.50
ML0272,Durgapur,2,0,0,2,0,2,2,3,,0,0,0,0,0,Master of Computer Applications (MCA),Computer Application,2020,6.40/10,63.06/100,64.00/64.00,64.60/64.60
ML0273,Bangalore,0,0,2,2,0,2,2,0,,0,0,0,0,0,Bachelor of Engineering (B.E),Computer  Science,2019,N/A,70.00/100,N/A,N/A
ML0274,Delhi,0,0,0,0,0,2,0,0,,0,0,0,0,0,Master of Computer Applications (MCA),Computer Science And Application,2020,7.70/10,59.67/100,77.20/77.20,71.83/71.83
ML0275,Banglore,0,2,0,2,0,2,2,0,,0,0,0,0,0,Bachelor of Engineering (B.E),Computer  Science,2019,N/A,70.00/100,N/A,N/A
ML0276,Bangalore,0,2,2,0,0,0,0,0,,0,0,0,0,0,Bachelor of Technology (B.Tech),Electronics and Communication,2019,N/A,7.85/10,N/A,N/A
ML0277,Banglore,0,0,0,0,0,2,0,0,,0,0,0,0,0,B.Tech (Hons.),Electronics and Communication,2019,N/A,64.01/100,76.00/76.00,N/A
ML0278,Durg,1,0,0,2,0,3,2,0,,0,0,0,0,0,Bachelor of Technology (B.Tech),Computer  Science,2021,N/A,8.50/10,80.00/80.00,9.70/9.70
ML0279,Bangalore,0,0,0,0,0,0,0,0,,0,0,0,0,0,Master of Computer Applications (MCA),computer science,2017,70.00/100,68.00/100,N/A,N/A
ML0280,Raigarh,3,1,0,3,0,2,2,0,,0,3,0,0,0,Bachelor of Technology (B.Tech),Computer Science & Engineering,2021,N/A,8.75/10,89.00/89.00,9.80/9.80
ML0281,Bangalore,0,0,3,0,0,0,0,0,,0,0,0,0,0,Bachelor of Engineering (B.E),Core JAVA,2019,N/A,60.00/100,69.00/69.00,68.00/68.00
ML0282,Bangalore,0,0,0,0,0,0,0,2,,0,0,0,0,0,Bachelor of Computer Applications (BCA),Computer Application,2017,N/A,57.40/100,62.90/62.90,N/A
ML0283,Durgapur,0,2,0,0,0,0,0,0,,0,0,0,0,0,Bachelor of Engineering (B.E),Electronics and Communication,2019,N/A,74.40/100,71.20/71.20,8.50/8.50
ML0284,Banglore,0,2,0,0,0,0,0,0,,0,0,0,0,0,Bachelor of Engineering (B.E),Information Technology,2022,N/A,7.80/10,78.80/78.80,9.80/9.80
ML0285,Bangalore,1,2,0,0,0,2,0,0,,0,0,0,0,0,Master of Computer Applications (MCA),MCA,2020,8.18/10,7.46/10,64.20/64.20,60.71/60.71
ML0286,Bangalore,2,0,0,0,0,3,3,2,,0,3,0,0,0,Bachelor of Technology (B.Tech),Computer  Science,2018,N/A,6.80/10,7.80/7.80,8.60/8.60
ML0287,Bangalore,0,0,0,2,3,3,3,3,,0,0,0,0,0,Master of Computer Applications (MCA),Computer Application,2020,7.75/10,61.55/100,65.00/65.00,7.00/7.00
ML0288,Noida,0,2,0,1,0,0,0,0,,0,0,0,0,0,Bachelor of Technology (B.Tech),Information Systems,2016,N/A,8.04/10,87.00/87.00,88.00/88.00
ML0289,Bangalore,0,0,0,0,0,0,0,0,,0,0,0,0,0,Bachelor of Computer Applications (BCA),cs,2015,N/A,N/A,N/A,N/A
ML0290,Bangalore,0,0,0,0,0,0,0,0,,0,0,0,0,0,Master of Computer Applications (MCA),Computer  Science,2020,8.00/10,N/A,N/A,N/A
ML0291,Bangalore,0,0,0,0,2,3,0,2,,0,0,0,0,0,Bachelor of Engineering (B.E),Computer Science & Engineering,2020,N/A,8.00/10,N/A,84.32/84.32
ML0292,Jamshedpur,0,2,0,2,2,2,2,2,,0,0,0,0,0,Master of Computer Applications (MCA),Computer Application,2020,7.06/10,73.30/100,N/A,N/A
ML0293,Bangalore,2,2,0,0,0,1,1,1,,0,0,0,0,0,Master of Computer Applications (MCA),MCA,2020,9.08/10,72.25/100,62.80/62.80,76.71/76.71
ML0294,Mahé,0,0,0,0,0,2,2,2,,0,0,0,0,2,Bachelor of Technology (B.Tech),Electronics and Communication,2019,N/A,77.00/100,88.00/88.00,94.00/94.00
ML0295,Pune,2,0,1,0,0,0,0,0,,0,0,0,0,0,Bachelor of Engineering (B.E),Electronics and Telecommunication Engineering (ETE),2019,N/A,7.95/10,N/A,83.20/83.20
ML0296,Bangalore,0,0,0,2,0,2,2,0,,0,0,0,0,0,Bachelor of Engineering (B.E),Computer  Science,2019,N/A,70.00/100,N/A,N/A
ML0297,Delhi,0,3,3,0,0,2,0,0,,0,0,0,0,0,Master of Computer Applications (MCA),Computer Science And Application,2020,7.70/10,59.67/100,77.20/77.20,71.83/71.83
ML0298,Banglore,0,0,0,2,0,2,2,0,,0,0,0,0,0,Bachelor of Engineering (B.E),Computer  Science,2019,N/A,70.00/100,N/A,N/A
ML0299,Bangalore,0,1,0,0,0,0,0,0,,0,0,0,0,0,Bachelor of Technology (B.Tech),Electronics and Communication,2019,N/A,7.85/10,N/A,N/A
ML0300,Banglore,0,0,0,0,0,2,0,0,,0,0,0,0,0,B.Tech (Hons.),Electronics and Communication,2019,N/A,64.01/100,76.00/76.00,N/A
ML0301,Durg,1,2,0,2,0,3,2,0,,0,0,0,0,0,Bachelor of Technology (B.Tech),Computer  Science,2021,N/A,8.50/10,80.00/80.00,9.70/9.70
ML0302,Bangalore,0,2,0,0,0,0,0,0,,0,0,0,0,0,Master of Computer Applications (MCA),computer science,2017,70.00/100,68.00/100,N/A,N/A
ML0303,Raigarh,3,0,2,3,0,2,2,0,,0,3,0,0,0,Bachelor of Technology (B.Tech),Computer Science & Engineering,2021,N/A,8.75/10,89.00/89.00,9.80/9.80
ML0304,Bangalore,0,0,0,0,0,0,0,0,,0,0,0,0,0,Bachelor of Engineering (B.E),Core JAVA,2019,N/A,60.00/100,69.00/69.00,68.00/68.00
ML0305,Bangalore,0,2,0,0,0,0,0,2,,0,0,0,0,0,Bachelor of Computer Applications (BCA),Computer Application,2017,N/A,57.40/100,62.90/62.90,N/A
ML0306,Durgapur,0,0,0,0,0,0,0,0,,0,0,0,0,0,Bachelor of Engineering (B.E),Electronics and Communication,2019,N/A,74.40/100,71.20/71.20,8.50/8.50
ML0307,Banglore,0,0,1,0,0,0,0,0,,0,0,0,0,0,Bachelor of Engineering (B.E),Information Technology,2022,N/A,7.80/10,78.80/78.80,9.80/9.80
ML0308,Bangalore,1,0,2,0,0,2,0,0,,0,0,0,0,0,Master of Computer Applications (MCA),MCA,2020,8.18/10,7.46/10,64.20/64.20,60.71/60.71
ML0309,Bangalore,2,0,0,0,0,3,3,2,,0,3,0,0,0,Bachelor of Technology (B.Tech),Computer  Science,2018,N/A,6.80/10,7.80/7.80,8.60/8.60
ML0310,Bangalore,0,0,0,2,3,3,3,3,,0,0,0,0,0,Master of Computer Applications (MCA),Computer Application,2020,7.75/10,61.55/100,65.00/65.00,7.00/7.00
ML0311,Noida,0,2,2,1,0,0,0,0,,0,0,0,0,0,Bachelor of Technology (B.Tech),Information Systems,2016,N/A,8.04/10,87.00/87.00,88.00/88.00
ML0312,Bangalore,0,0,0,0,0,0,0,0,,0,0,0,0,0,Bachelor of Computer Applications (BCA),cs,2015,N/A,N/A,N/A,N/A
ML0313,Bangalore,0,0,0,0,0,0,0,0,,0,0,0,0,0,Master of Computer Applications (MCA),Computer  Science,2020,8.00/10,N/A,N/A,N/A
ML0314,Bangalore,0,1,2,0,2,3,0,2,,0,0,0,0,0,Bachelor of Engineering (B.E),Computer Science & Engineering,2020,N/A,8.00/10,N/A,84.32/84.32
ML0315,Jamshedpur,0,0,0,2,2,2,2,2,,0,0,0,0,0,Master of Computer Applications (MCA),Computer Application,2020,7.06/10,73.30/100,N/A,N/A
ML0316,Bangalore,2,2,0,0,0,1,1,1,,0,0,0,0,0,Master of Computer Applications (MCA),MCA,2020,9.08/10,72.25/100,62.80/62.80,76.71/76.71
ML0317,Mahé,0,2,0,0,0,2,2,2,,0,0,0,0,2,Bachelor of Technology (B.Tech),Electronics and Communication,2019,N/A,77.00/100,88.00/88.00,94.00/94.00
ML0318,Pune,2,2,0,0,0,0,0,0,,0,0,0,0,0,Bachelor of Engineering (B.E),Electronics and Telecommunication Engineering (ETE),2019,N/A,7.95/10,N/A,83.20/83.20
ML0319,Vasco Da Gama,0,0,0,1,0,2,2,2,,0,0,0,0,1,Bachelor of Engineering (B.E),Information Technology,2017,N/A,62.89/100,88.00/88.00,95.00/95.00
ML0320,Tiruppur,2,0,0,0,2,3,3,3,,0,0,0,0,2,Integrated M.Sc.,Software Systems,2022,N/A,7.80/10,N/A,N/A
ML0321,Ranchi,1,2,0,0,0,2,2,1,,0,0,0,0,1,Master of Computer Applications (MCA),Computer Application,2020,7.08/10,85.00/100,79.20/79.20,76.83/76.83
ML0322,Bangalore,0,2,0,0,0,2,2,2,,0,0,0,0,1,Master of Computer Applications (MCA),Computer  Science,2019,N/A,71.00/100,64.00/64.00,71.00/71.00
ML0323,Vadodara,3,0,0,0,0,2,0,2,,0,0,0,0,2,Bachelor of Technology (B.Tech),computer science,2021,N/A,N/A,N/A,N/A
ML0324,Banglore,2,2,0,0,1,0,0,0,,0,0,0,0,1,Bachelor of Engineering (B.E),Mechanical Engineering,2018,N/A,7.28/10,N/A,N/A
ML0325,Gorakhpur,0,0,0,0,1,1,0,0,,0,0,0,0,2,B.Tech (Hons.),Information Technology,2022,N/A,7.00/7,6.80/6.80,N/A
ML0326,Bangalore,3,0,0,0,0,0,0,0,,0,0,0,0,1,Bachelor of Technology (B.Tech),Computer  Science,2022,N/A,N/A,67.00/67.00,8.40/8.40
ML0327,Bangalore,2,0,0,0,0,0,0,0,,0,0,0,0,1,Bachelor of Technology (B.Tech),Electrical and Electronics Engineering,2019,N/A,N/A,N/A,N/A
ML0328,Bangalore,2,0,0,2,0,3,2,2,,0,0,0,0,0,Master of Computer Applications (MCA),MCA,2020,8.45/10,56.00/100,62.02/62.02,84.50/84.50
ML0329,Bangalore,2,0,1,0,0,2,2,1,,0,0,0,0,0,Bachelor of Engineering (B.E),Electronics and Communication,2019,N/A,74.00/100,N/A,86.00/86.00
ML0330,Bangalore,0,0,0,0,0,2,0,0,,0,0,0,0,0,Bachelor of Engineering (B.E),Computer  Science,2008,N/A,N/A,N/A,N/A
ML0331,Bangalore,3,0,0,0,0,3,2,2,,0,0,0,0,0,Master of Computer Applications (MCA),computer science,2020,N/A,79.81/100,N/A,N/A
ML0332,Hyderabad,0,2,0,1,0,1,1,1,,0,0,0,0,1,Bachelor of Arts (B.A.) (Hons.),Education,2019,N/A,N/A,N/A,N/A
ML0333,Bangalore,0,0,0,0,2,2,2,2,,0,0,0,0,2,Bachelor of Engineering (B.E),Mechanical Engineering,2019,N/A,6.67/10,55.00/55.00,80.00/80.00
ML0334,Banglore,0,0,0,0,0,0,0,0,,0,0,0,0,1,Bachelor of Technology (B.Tech),Computer Science & Engineering,2020,N/A,6.20/10,84.12/84.12,81.92/81.92
ML0335,Mysuru,1,0,2,0,0,0,0,0,,0,0,0,0,2,Bachelor of Engineering (B.E),Computer  Science,2020,N/A,7.68/10,86.83/86.83,78.33/78.33
ML0336,Bangalore,1,0,0,0,0,0,0,0,,0,0,0,0,1,B.Tech (Hons.),Information Science & Engineering,2020,N/A,7.42/10,86.80/86.80,9.80/9.80
ML0337,Durg,1,0,1,2,0,3,2,0,,0,0,0,0,0,Bachelor of Technology (B.Tech),Computer  Science,2021,N/A,8.50/10,80.00/80.00,9.70/9.70
ML0338,Rudrapur,1,2,1,0,0,0,0,1,,0,0,0,0,0,Bachelor of Technology (B.Tech),Computer  Science,2020,N/A,7.90/10,79.00/79.00,87.00/87.00
ML0339,Bangalore,0,0,1,0,0,2,2,0,,0,0,0,0,0,Master of Computer Applications (MCA),Computer Application,2020,8.10/10,62.99/100,66.00/66.00,79.68/79.68
ML0340,Bangalore,0,0,2,0,0,2,0,0,,0,0,0,0,0,Integrated B.E & M.Tech,Computer  Science,2019,N/A,55.50/100,77.00/77.00,62.00/62.00
ML0341,Bangalore,1,0,0,0,2,2,2,2,,0,0,0,2,1,Bachelor of Technology (B.Tech),Electronics and Communication,2017,N/A,70.27/100,70.27/70.27,79.80/79.80
ML0342,Bangalore,0,0,0,0,1,2,2,1,,0,0,0,0,2,Bachelor of Technology (B.Tech),Computer Science & Engineering,2018,N/A,7.00/7,7.00/7.00,7.00/7.00
ML0343,Coimbatore,1,0,0,0,0,2,2,0,,1,0,0,0,1,Integrated M.Sc.,Software Engineering,2022,N/A,7.57/10,85.40/85.40,89.00/89.00
ML0344,Mahé,0,1,0,0,0,2,2,2,,0,0,0,0,1,Bachelor of Technology (B.Tech),Electronics and Communication,2019,N/A,77.00/100,88.00/88.00,94.00/94.00
ML0345,Bangalore,2,2,3,2,2,2,2,2,,0,2,0,0,1,Bachelor of Technology (B.Tech),computer science,2020,N/A,7.20/10,78.10/78.10,78.00/78.00
ML0346,Bangalore,0,0,0,0,0,0,0,0,,0,0,0,0,0,Master of Computer Applications (MCA),MCA,2020,N/A,N/A,N/A,N/A
ML0347,Chennai,0,0,0,0,0,0,0,0,,0,0,0,0,0,B.Tech (Hons.),Data Analytics,2020,N/A,8.40/10,N/A,N/A
ML0348,Bangalore,0,2,0,0,0,0,0,0,,0,0,0,0,0,Master of Computer Applications (MCA),Computer  Science,2020,7.00/7,7.00/7,N/A,N/A
ML0349,Bangalore,2,0,0,0,0,0,0,0,,0,0,0,2,0,Bachelor of Engineering (B.E),Computer Science & Engineering,2020,N/A,9.31/10,92.70/92.70,8.80/8.80
ML0350,Bangalore,2,0,1,0,3,3,3,3,,0,0,0,0,0,Bachelor of Engineering (B.E),computer science,2019,N/A,N/A,90.50/90.50,93.60/93.60
ML0351,Bangalore,1,0,0,2,0,0,0,0,,0,0,0,0,0,Master of Technology (M.Tech),Computer Network And Engg,2014,80.00/100,63.00/100,N/A,N/A
ML0352,Coimbatore,0,0,0,0,0,3,2,2,,0,0,0,0,0,Integrated M.Sc.,Software  Systems,2022,8.41/10,N/A,90.75/90.75,96.60/96.60
ML0353,Bangalore,2,0,0,2,1,0,0,0,,0,0,0,0,0,Master of Computer Applications (MCA),Computer Application,2020,8.74/10,86.46/100,N/A,N/A
ML0354,Chennai,1,0,0,0,0,0,0,0,,0,0,0,0,0,Master of Computer Applications (MCA),Computer  Science,2020,8.02/10,66.70/100,60.80/60.80,8.60/8.60
ML0355,Bangalore,2,0,0,0,2,2,2,1,,1,1,0,0,0,Master of Computer Applications (MCA),IT,2020,61.00/100,56.20/100,N/A,N/A
ML0356,Bangalore,0,2,0,2,0,2,2,0,,0,0,0,0,0,Master of Science (M.Sc),Information Technology,2020,N/A,N/A,N/A,N/A
ML0357,Ranchi,1,2,0,1,0,2,2,1,,0,0,0,0,0,Master of Computer Applications (MCA),Computer Application,2020,7.08/10,85.00/100,79.20/79.20,76.83/76.83
ML0358,Bangalore,2,3,0,0,0,2,1,0,,0,0,0,0,0,Bachelor of Technology (B.Tech),Electronics and Communication,2019,N/A,69.00/100,58.20/58.20,65.00/65.00
ML0359,Bangalore,0,1,2,2,2,2,2,2,,0,0,0,0,0,Master of Computer Applications (MCA),Computer  Science,2020,N/A,N/A,N/A,N/A
ML0360,Bangalore,1,0,2,2,2,3,3,2,,0,2,2,2,0,Master of Computer Applications (MCA),Computer Application,2020,7.60/10,8.30/10,N/A,N/A
ML0361,Bangalore,0,0,0,0,0,2,1,2,,0,0,1,1,1,Bachelor of Engineering (B.E),Electronics and Communication,2019,N/A,65.00/100,54.00/54.00,74.00/74.00
ML0362,Bangalore,1,0,0,0,0,0,0,0,,0,0,0,0,0,Bachelor of Engineering (B.E),computer science,2020,N/A,8.75/10,82.00/82.00,N/A
ML0363,Bangalore,0,2,0,0,0,2,2,0,,0,0,0,0,0,Master of Computer Applications (MCA),Computer Application,2020,8.10/10,62.99/100,66.00/66.00,79.68/79.68
ML0364,Bangalore,1,0,2,0,0,0,0,0,,0,0,0,0,0,B.Tech (Hons.),Computer Science & Engineering,2019,N/A,7.50/100,N/A,N/A
ML0365,Bangalore,2,3,0,0,2,0,2,2,,0,0,0,0,0,Master of Computer Applications (MCA),cs,2020,N/A,7.20/10,N/A,N/A
ML0366,Namakkal,0,0,0,0,0,2,0,0,,0,0,0,0,0,Bachelor of Engineering (B.E),Computer Science & Engineering,2021,N/A,80.00/100,N/A,N/A
ML0367,Bangalore,2,0,0,0,0,2,2,1,,0,0,0,0,0,Bachelor of Engineering (B.E),Electronics and Communication,2019,N/A,74.00/100,N/A,86.00/86.00
ML0368,Bangalore,0,0,2,0,0,0,0,0,,0,0,0,0,0,,Motel Management,2018,N/A,7.20/10,N/A,N/A
ML0369,Kannur,1,0,2,1,0,1,1,1,,0,0,0,0,0,Master of Computer Applications (MCA),Kannur University,2020,66.00/100,56.00/100,72.00/72.00,82.00/82.00
ML0370,Bangalore,0,0,0,1,1,1,1,0,,0,0,0,0,0,Master of Computer Applications (MCA),Computer  Science,2020,67.00/100,56.00/100,50.00/50.00,85.00/85.00
ML0371,Kanpur,1,0,0,0,0,2,2,0,,0,0,0,0,0,Bachelor of Technology (B.Tech),Information Technology,2020,N/A,9.13/10,95.40/95.40,10.00/10.00
ML0372,Bangalore,0,2,0,1,0,1,1,1,,0,0,0,0,0,Bachelor of Science (B.Sc),Computer  Science,2018,N/A,2.15/5,N/A,N/A
ML0373,Bangalore,0,0,1,0,0,1,1,1,,0,0,0,0,0,Master of Computer Applications (MCA),Computer Application,2020,7.00/10,N/A,N/A,N/A
ML0374,Bangalore,0,0,0,0,0,2,2,0,,0,2,0,0,0,Bachelor of Engineering (B.E),Computer  Science,2019,N/A,7.42/10,N/A,N/A
ML0375,Bangalore,2,0,2,0,2,2,2,1,,0,2,0,0,0,B.Tech (Hons.),Computer  Science,2019,7.60/10,7.60/10,64.00/64.00,6.66/6.66
ML0376,Bangalore,0,0,0,0,0,0,0,0,,0,0,0,0,0,Master of Computer Applications (MCA),Computer Application,2020,N/A,6.00/7,7.00/7.00,8.00/8.00
ML0377,Bangalore,0,1,0,1,2,1,2,0,,0,2,0,0,0,Bachelor of Technology (B.Tech),Computer Science & Engineering,2020,N/A,7.00/7,75.60/75.60,N/A
ML0378,Guwahati,0,0,0,2,0,2,2,2,,0,0,0,0,0,Master of Computer Applications (MCA),,2020,6.35/10,53.97/100,55.40/55.40,6.60/6.60
ML0379,Shillong,2,0,0,2,3,3,2,2,,0,2,0,2,0,Master of Computer Applications (MCA),Computer Application,2020,N/A,7.67/10,70.00/70.00,69.56/69.56
ML0380,Bangalore,0,0,2,0,0,0,0,0,,0,0,0,0,0,Bachelor of Computer Applications (BCA),Mobile Application And Cloud Technology,2020,N/A,6.20/10,51.60/51.60,81.60/81.60
ML0381,Tirupati,0,0,0,0,0,0,0,0,,0,0,0,0,0,B.Tech (Hons.),Electronics and Communication,2020,N/A,9.00/10,N/A,N/A
ML0382,Bangalore,2,0,0,3,0,3,2,3,,0,0,0,0,0,Master of Computer Applications (MCA),Computer Application,2019,71.60/100,80.60/100,53.80/53.80,68.00/68.00
ML0383,Bangalore,0,0,0,0,0,2,0,2,,0,0,0,0,0,Bachelor of Technology (B.Tech),IT,2015,N/A,7.11/10,N/A,N/A
ML0384,Noida,2,0,0,0,0,0,0,0,,0,0,0,0,0,Bachelor of Computer Applications (BCA),Computer Application,2019,N/A,60.30/100,60.30/60.30,N/A
ML0385,Bangalore,1,1,0,0,0,0,0,0,,0,0,0,0,0,Master of Computer Applications (MCA),Computer  Science,2020,6.50/7,73.00/100,75.00/75.00,63.50/63.50
ML0386,Walajapet,0,0,1,0,0,0,0,0,,0,0,0,0,0,Bachelor of Engineering (B.E),,2020,N/A,N/A,4.00/4.00,7.00/7.00
ML0387,Durg,1,1,0,2,2,2,2,2,,0,2,0,0,0,Bachelor of Engineering (B.E),Computer  Science,2020,N/A,75.50/100,N/A,N/A
ML0388,Hyderabad,2,1,0,0,0,2,0,0,,0,0,0,0,0,Bachelor of Technology (B.Tech),Computer Science & Engineering,2020,N/A,75.00/100,N/A,N/A
ML0389,Bangalore,2,0,0,2,0,2,2,1,,0,0,0,0,0,Master of Computer Applications (MCA),Computer Application,2020,7.78/10,6.80/10,N/A,N/A
ML0390,Nagpur,1,0,0,0,0,2,2,1,,0,0,0,0,0,Bachelor of Engineering (B.E),Electronics and Telecommunication Engineering (ETE),2020,N/A,6.10/10,62.62/62.62,N/A
ML0391,Kanpur,2,2,0,0,0,0,0,0,,0,0,0,0,0,Bachelor of Technology (B.Tech),Computer Science & Engineering,2020,N/A,6.50/10,62.50/62.50,76.50/76.50
ML0392,Durgapur,2,3,0,2,0,2,2,3,,0,0,0,0,0,Master of Computer Applications (MCA),Computer Application,2020,6.40/10,63.06/100,64.00/64.00,64.60/64.60
